Company Name,Company URL
HAWK CAPITAL PRIVATE LIMITED,https://www.zaubacorp.com/company/HAWK-CAPITAL-PRIVATE-LIMITED/U74899DL1995PTC067864
POLICYBAZAAR INSURANCE BROKERS PRIVATE LIMITED,https://www.zaubacorp.com/company/POLICYBAZAAR-INSURANCE-BROKERS-PRIVATE-LIMITED/U74999HR2014PTC053454
ARYAHI BUILDWELL PRIVATE LIMITED,https://www.zaubacorp.com/company/ARYAHI-BUILDWELL-PRIVATE-LIMITED/U70109DL2006PTC155582
EKIALDE SUN ENERGY PRIVATE LIMITED,https://www.zaubacorp.com/company/EKIALDE-SUN-ENERGY-PRIVATE-LIMITED/U40300DL2018PTC331131
OXYZO FINANCIAL SERVICES PRIVATE LIMITED,https://www.zaubacorp.com/company/OXYZO-FINANCIAL-SERVICES-PRIVATE-LIMITED/U65929DL2016PTC306174
AGARSHA INVESTMENT MANAGER PRIVATE LIMITED,https://www.zaubacorp.com/company/AGARSHA-INVESTMENT-MANAGER-PRIVATE-LIMITED/U93000DL2018PTC336597
DELTA ENERGY SYSTEMS (INDIA) PRIVATE LIMITED,https://www.zaubacorp.com/company/DELTA-ENERGY-SYSTEMS-INDIA-PRIVATE-LIMITED/U32308HR1996PTC034410
WELLGROW BUILDCON PRIVATE LIMITED,https://www.zaubacorp.com/company/WELLGROW-BUILDCON-PRIVATE-LIMITED/U45201HR2004PTC082197
BESTECH INDIA PVT. LTD.,https://www.zaubacorp.com/company/BESTECH-INDIA-PVT-LTD-/U99999DL2001PTC110996
BIGFOOT RETAIL SOLUTIONS PRIVATE LIMITED,https://www.zaubacorp.com/company/BIGFOOT-RETAIL-SOLUTIONS-PRIVATE-LIMITED/U72900DL2011PTC225614
ASHWATH INFRAPROJECTS PRIVATE LIMITED,https://www.zaubacorp.com/company/ASHWATH-INFRAPROJECTS-PRIVATE-LIMITED/U90009DL2016PTC303144
SWEETCORN CONSTRUCTION PRIVATE LIMITED,https://www.zaubacorp.com/company/SWEETCORN-CONSTRUCTION-PRIVATE-LIMITED/U45400DL2011PTC212625
ANSAL URBAN CONDOMINIUMS PRIVATE LIMITED,https://www.zaubacorp.com/company/ANSAL-URBAN-CONDOMINIUMS-PRIVATE-LIMITED/U51909DL2008PTC183513
V AND S INTERNATIONAL PVT LTD,https://www.zaubacorp.com/company/V-AND-S-INTERNATIONAL-PVT-LTD/U74899DL1992PTC049964
GEODIS INDIA PRIVATE LIMITED,https://www.zaubacorp.com/company/GEODIS-INDIA-PRIVATE-LIMITED/U74999HR2003PTC037438
DASSAULT SYSTEMES INDIA PRIVATE LIMITED,https://www.zaubacorp.com/company/DASSAULT-SYSTEMES-INDIA-PRIVATE-LIMITED/U72200DL2007PTC177161
JANDU CONSTRUCTION INDIA PRIVATE LIMITED,https://www.zaubacorp.com/company/JANDU-CONSTRUCTION-INDIA-PRIVATE-LIMITED/U70109HR2019PTC083157
P I CONSULTANTS PRIVATE LIMITED,https://www.zaubacorp.com/company/P-I-CONSULTANTS-PRIVATE-LIMITED/U74140DL2000PTC107611
HASKONINGDHV CONSULTING PRIVATE LIMITED,https://www.zaubacorp.com/company/HASKONINGDHV-CONSULTING-PRIVATE-LIMITED/U93000DL1997PTC089958
BLP INDUSTRY.AI PRIVATE LIMITED,https://www.zaubacorp.com/company/BLP-INDUSTRY-AI-PRIVATE-LIMITED/U72100DL2010PTC209035
PNC TRIVENI SANGAM HIGHWAYS PRIVATE LIMITED,https://www.zaubacorp.com/company/PNC-TRIVENI-SANGAM-HIGHWAYS-PRIVATE-LIMITED/U45203DL2017PTC327676
GAWAR KIRATPUR NERCHOWK HIGHWAY PRIVATE LIMITED,https://www.zaubacorp.com/company/GAWAR-KIRATPUR-NERCHOWK-HIGHWAY-PRIVATE-LIMITED/U45309HR2020PTC090389
MOODS HOSPITALITY PRIVATE LIMITED,https://www.zaubacorp.com/company/MOODS-HOSPITALITY-PRIVATE-LIMITED/U55101DL2002PTC117205
KISSANDHAN AGRI FINANCIAL SERVICES PRIVATE LIMITED,https://www.zaubacorp.com/company/KISSANDHAN-AGRI-FINANCIAL-SERVICES-PRIVATE-LIMITED/U65993DL1980PTC299426
AZURE POWER ROOFTOP ONE PRIVATE LIMITED,https://www.zaubacorp.com/company/AZURE-POWER-ROOFTOP-ONE-PRIVATE-LIMITED/U40300DL2017PTC316260
OSTRO MAHAWIND POWER PRIVATE LIMITED,https://www.zaubacorp.com/company/OSTRO-MAHAWIND-POWER-PRIVATE-LIMITED/U40105DL2015PTC287899
NELLAI RENEWABLES PRIVATE LIMITED,https://www.zaubacorp.com/company/NELLAI-RENEWABLES-PRIVATE-LIMITED/U40108DL2020PTC363557
INDORE CLEAN ENERGY PRIVATE LIMITED,https://www.zaubacorp.com/company/INDORE-CLEAN-ENERGY-PRIVATE-LIMITED/U90000DL2021PTC381885
WATERWAYS LEISURE TOURISM PRIVATE LIMITED,https://www.zaubacorp.com/company/WATERWAYS-LEISURE-TOURISM-PRIVATE-LIMITED/U63030DL2020PTC372580
HORIBA INDIA PRIVATE LIMITED,https://www.zaubacorp.com/company/HORIBA-INDIA-PRIVATE-LIMITED/U73100DL2006PTC153232
